lat_suburb,long_suburb,suburb,region,state
-35.27767,149.11829,Acton,Australian Capital Territory,Australian Capital Territory
-34.91119,138.70735,Adelaide Hills,Adelaide Hills,South Australia
-35.0031,117.86595,Albany,Albany,Western Australia
-34.85925,138.52138,Alberton,Port Adelaide Enfield,South Australia
-35.28333,138.48333,Aldinga,Onkaparinga,South Australia
-31.82758,115.86501,Alexander Heights,Wanneroo,Western Australia
-37.19132,145.7112,Alexandra,Murrindindi,Victoria
-33.91667,151.2,Alexandria,City of Sydney,New South Wales
-23.69748,133.88362,Alice Springs,Alice Springs,Northern Territory
-33.76655,151.24981,Allambie Heights,Warringah,New South Wales
-38.38639,142.59431,Allansford,Warrnambool,Victoria
-37.86964,144.83036,Altona,Hobsons Bay,Victoria
-37.83487,144.84735,Altona North,Hobsons Bay,Victoria
-13.85413,136.42129,Alyangula,East Arnhem,Northern Territory
-34.50129,139.04625,Angaston,Barossa,South Australia
-34.64098,138.6461,Angle Vale,Playford,South Australia
-38.4073,144.18587,Anglesea,Surf Coast,Victoria
-32.78135,152.08586,Anna Bay,Port Stephens Shire,New South Wales
-38.7594,143.67219,Apollo Bay,Colac-Otway,Victoria
-37.28542,142.92728,Ararat,Ararat,Victoria
-33.61667,151.03333,Arcadia,Hornsby Shire,New South Wales
-33.06052,151.58408,Arcadia vale,Lake Macquarie Shire,New South Wales
-34.42217,137.91907,Ardrossan,Yorke Peninsula,South Australia
-32.14607,116.0093,Armadale,Armadale,Western Australia
-30.50828,151.67123,Armidale,Armidale Dumaresq,New South Wales
-27.43154,153.058,Ascot,Brisbane,Queensland
-37.86659,145.10553,Ashwood,Monash,Victoria
-33.68333,151.1,Asquith,Hornsby Shire,New South Wales
-34.87019,138.6999,Athelstone,Campbelltown,South Australia
-17.26864,145.47522,Atherton,Tablelands,Queensland
-32.02489,115.802,Attadale,Melville,Western Australia
-34.31566,115.15922,Augusta,Augusta-Margaret River Shire,Western Australia
-42.76667,147.25,Austins Ferry,Glenorchy,Tasmania
-33.2792,115.71504,Australind,Harvey,Western Australia
-19.57393,147.40666,Ayr,Burdekin,Queensland
-37.67268,144.43829,Bacchus Marsh,Moorabool,Victoria
-37.7,145.51667,Badger Creek,Yarra Ranges,Victoria
-37.82289,147.61041,Bairnsdale,East Gippsland,Victoria
-34.14542,138.41148,Balaklava,Wakefield,South Australia
-31.87501,115.82839,Balcatta,Stirling,Western Australia
-33.79494,151.2572,Balgowlah,Manly Vale,New South Wales
-34.99094,138.82565,Balhannah,Adelaide Hills,South Australia
-37.56667,143.86667,Ballarat East,Ballarat,Victoria
-28.86414,153.56541,Ballina,Ballina,New South Wales
-38.36667,145.13333,Balnarring,Mornington Peninsula,Victoria
-33.91667,151.03333,Bankstown,Bankstown,New South Wales
-34.25562,140.46147,Barmera,Berri and Barmera,South Australia
-31.90906,115.9437,Bassendean,Bassendean,Western Australia
-35.70658,150.17541,Batemans Bay,Eurobodalla,New South Wales
-33.41665,149.5806,Bathurst,Bathurst Regional,New South Wales
-38.2,145.15,Baxter,Mornington Peninsula,Victoria
-41.20227,146.81723,Beaconsfield,West Tamar,Tasmania
-37.99415,145.4142,Beaconsfield Upper,Cardinia,Victoria
-34.94899,138.66188,Beaumont,Burnside,South Australia
-33.69993,150.9411,Beaumont Hills,The Hills Shire,New South Wales
-41.16283,146.83827,Beauty Point,West Tamar,Tasmania
-32.17406,116.0504,Bedfordale,Armadale,Western Australia
-32.13339,115.80637,Beeliar,City of Cockburn,Western Australia
-27.71137,153.2029,Beenleigh,Logan,Queensland
-36.67392,149.84178,Bega,Bega Valley,New South Wales
-34.99766,138.62077,Belair,Mitcham,South Australia
-35.21667,149.08333,Belconnen,Australian Capital Territory,Australian Capital Territory
-37.93333,145.33333,Belgrave South,Yarra Ranges,Victoria
-38.10793,144.33839,Bell Park,Greater Geelong,Victoria
-38.09564,144.31968,Bell Post Hill,Greater Geelong,Victoria
-31.9,116.01667,Bellevue,Swan,Western Australia
-30.45294,152.89911,Bellingen,Bellingen,New South Wales
-27.5,153.11667,Belmont,Brisbane,Queensland
-33.02081,151.66849,Belmont North,Lake Macquarie Shire,New South Wales
-36.55113,145.98425,Benalla,Benalla,Victoria
-32.8,151.65,Beresfield,Newcastle,New South Wales
-34.48333,150.85,Berkeley,Wollongong,New South Wales
-36.419,150.06355,Bermagui,Bega Valley,New South Wales
-33.62078,151.15091,Berowra,Hornsby Shire,New South Wales
-33.61211,151.13754,Berowra Heights,Hornsby Shire,New South Wales
-34.28107,140.59958,Berri,Berri and Barmera,South Australia
-36.36565,148.82677,Berridale,Snowy River,New South Wales
-42.81667,147.25,Berriedale,Glenorchy,Tasmania
-35.65879,145.81145,Berrigan,Berrigan,New South Wales
-34.77527,150.69064,Berry,Shoalhaven Shire,New South Wales
-32.24369,115.84572,Bertram,Kwinana,Western Australia
-38.03333,145.35,Berwick,Casey,Victoria
-32.10839,116.92736,Beverley,Beverley,Western Australia
-32.09764,115.81921,Bibra Lake,City of Cockburn,Western Australia
-28.2266,153.4676,Bilambil,Tweed,New South Wales
-28.2161,153.48415,Bilambil Heights,Tweed,New South Wales
-24.39589,150.51504,Biloela,Banana,Queensland
-29.86931,150.57204,Bingara,Gwydir,New South Wales
-34.81826,138.96478,Birdwood,Adelaide Hills,South Australia
-34.83685,138.49788,Birkenhead,Port Adelaide Enfield,South Australia
-37.55,143.86667,Black Hill,Ballarat,Victoria
-26.39886,152.87561,Black Mountain,Sunshine Coast,Queensland
-37.97357,145.01636,Black Rock,Bayside,Victoria
-33.73792,150.81812,Blackett,Blacktown,New South Wales
-33.63567,150.28318,Blackheath,Blue Mountains Municipality,New South Wales
-33.76667,150.91667,Blacktown,Blacktown,New South Wales
-23.58351,148.87912,Blackwater,Central Highlands,Queensland
-35.02139,138.61429,Blackwood,Mitcham,South Australia
-30.65,150.2,Blair Athol,Narrabri,New South Wales
-34.85889,138.59656,Blair Athol,Port Adelaide Enfield,South Australia
-33.75,150.6,Blaxland,Blue Mountains Municipality,New South Wales
-33.53233,149.25367,Blayney,Blayney,New South Wales
-38.21427,145.3377,Blind Bight,Casey,Victoria
-30.33981,153.06783,Boambee,Coffs Harbour,New South Wales
-28.60477,150.35934,Boggabilla,Moree Plains,New South Wales
-30.70953,150.04121,Boggabri,Narrabri,New South Wales
-19.31365,146.69186,Bohle Plains,Townsville,Queensland
-32.701,151.58541,Bolwarra Heights,Maitland Municipality,New South Wales
-34.84967,150.61093,Bomaderry,Shoalhaven Shire,New South Wales
-36.91212,149.23669,Bombala,Bombala,New South Wales
-27.08367,153.15942,Bongaree,Moreton Bay,Queensland
-34.00834,151.05188,Bonnet Bay,Sutherland Shire,New South Wales
-30.38284,153.05959,Bonville,Coffs Harbour,New South Wales
-33.51667,151.35,Booker Bay,Central Coast,New South Wales
-34.43661,148.71634,Boorowa,Boorowa,New South Wales
-36.30768,140.77167,Bordertown,Tatiara,South Australia
-38.13922,145.26841,Botanic Ridge,Casey,Victoria
-33.94599,151.19591,Botany,Botany Bay,New South Wales
-30.78204,121.4912,Boulder,Kalgoorlie/Boulder,Western Australia
-30.09011,145.93646,Bourke,Bourke,New South Wales
-20.01367,148.24754,Bowen,Whitsunday,Queensland
-33.51667,150.11667,Bowenfels,Lithgow,New South Wales
-34.4775,150.4204,Bowral,Wingecarribee,New South Wales
-30.64997,152.85146,Bowraville,Nambucca Shire,New South Wales
-33.48295,115.72838,Boyanup,Capel,Western Australia
-33.83425,116.38776,Boyup Brook,Boyup Brook,Western Australia
-27.3171,153.03097,Bracken Ridge,Brisbane,Queensland
-35.44148,149.7998,Braidwood,Palerang,New South Wales
-32.65547,151.35113,Branxton,Cessnock,New South Wales
-27.59753,152.74755,Brassall,Ipswich,Queensland
-38.17987,144.36765,Breakwater,Greater Geelong,Victoria
-29.96067,146.85986,Brewarrina,Brewarrina,New South Wales
-33.96242,116.13598,Bridgetown,Bridgetown-Greenbushes,Western Australia
-35,138.75,Bridgewater,Adelaide Hills,South Australia
-42.73719,147.22784,Bridgewater,Brighton,Tasmania
-41.00046,147.39175,Bridport,Dorset,Tasmania
-27.29582,153.05721,Brighton,Brisbane,Queensland
-33.93333,150.73333,Bringelly,Liverpool,New South Wales
-31.96173,141.45998,Broken Hill,Broken Hill Municipality,New South Wales
-32.16696,116.00193,Brookdale,Armadale,Western Australia
-37.7008,144.56025,Brookfield,Melton,Victoria
-17.95538,122.23922,Broome,Broome,Western Australia
-35.85469,150.17392,Broulee,Eurobodalla,New South Wales
-37.55,143.9,Brown Hill,Ballarat,Victoria
-28.54154,153.5481,Brunswick Heads,Byron Shire,New South Wales
-26.68443,153.05705,Buderim,Sunshine Coast,Queensland
-33.22285,151.53125,Buff Point,Wyong Shire,New South Wales
-32.40698,152.21185,Bulahdelah,Great Lakes,New South Wales
-34.33834,150.91347,Bulli,Wollongong,New South Wales
-31.66905,115.9999,Bullsbrook,Swan,Western Australia
-33.32711,115.64137,Bunbury,Bunbury,Western Australia
-24.86621,152.3479,Bundaberg,Bundaberg,Queensland
-27.60947,152.81133,Bundamba,Ipswich,Queensland
-34.65851,150.29913,Bundanoon,Wingecarribee,New South Wales
-34.08384,151.15016,Bundeena,Sutherland Shire,New South Wales
-35.25382,149.44007,Bungendore,Palerang,New South Wales
-38.09789,145.71606,Bunyip,Cardinia,Victoria
-27.55584,153.14701,Burbank,Brisbane,Queensland
-28.09975,153.42463,Burleigh Waters,Gold Coast,Queensland
-41.05584,145.90375,Burnie,Burnie,Tasmania
-37.72691,144.75225,Burnside Heights,Melton,Victoria
-27.15746,152.95758,Burpengary,Moreton Bay,Queensland
-28.4358,153.47324,Burringbar,Tweed,New South Wales
-33.65249,115.3455,Busselton,Busselton,Western Australia
-31.64298,115.70431,Butler,Wanneroo,Western Australia
-34.26017,150.53288,Buxton,Wollondilly,New South Wales
-32.22099,116.009,Byford,Serpentine-Jarrahdale,Western Australia
-28.64201,153.61194,Byron Bay,Byron Shire,New South Wales
-27.08465,152.9511,Caboolture,Moreton Bay,Queensland
-27.09389,152.94874,Caboolture South,Moreton Bay,Queensland
-16.92304,145.76625,Cairns,Cairns,Queensland
-34.5505,150.71131,Calderwood,Shellharbour,New South Wales
-35.11977,139.0414,Callington,Mount Barker,South Australia
-26.80346,153.12195,Caloundra,Sunshine Coast,Queensland
-26.79854,153.11405,Caloundra West,Sunshine Coast,Queensland
-42.83333,147.45,Cambridge,Clarence,Tasmania
-31.64484,152.79462,Camden Haven,Port Macquarie-Hastings,New South Wales
-34.08312,150.69491,Camden South,Camden,New South Wales
-27.49354,153.07629,Camp Hill,Brisbane,Queensland
-37.68333,144.95,Campbellfield,Hume,Victoria
-34.06667,150.81667,Campbelltown,Campbelltown Municipality,New South Wales
-37.57606,143.87742,Canadian,Ballarat North,Victoria
-35.28346,149.12807,Canberra,Australian Capital Territory,Australian Capital Territory
-32.05799,115.91814,Canning Vale,Canning,Western Australia
-32.01667,115.95,Cannington,Canning,Western Australia
-33.56247,148.66434,Canowindra,Cabonne,New South Wales
-33.55808,115.56278,Capel,Capel,Western Australia
-33.30056,136.11906,Caralue,Kimba,South Australia
-27.50578,153.10236,Carindale,Brisbane,Queensland
-24.88073,113.6594,Carnarvon,Carnarvon,Western Australia
-37.74124,144.73631,Caroline Springs,Melton,Victoria
-33.88382,150.96153,Carramar,Fairfield,New South Wales
-31.69023,115.77159,Carramar,Wanneroo,Western Australia
-32.91501,151.76436,Carrington,Newcastle,New South Wales
-28.82272,152.10305,Carrolls Creek,Tenterfield Municipality,New South Wales
-38.09968,145.17248,Carrum Downs,Frankston,Victoria
-28.85819,153.04748,Casino,Richmond Valley,New South Wales
-33.78655,151.20925,Castle Cove,Willoughby,New South Wales
-37.06709,144.21684,Castlemaine,Mount Alexander,Victoria
-28.30042,153.57064,Casuarina,Tweed,New South Wales
-31.88333,115.96667,Caversham,Swan,Western Australia
-33.87433,150.84177,Cecil Park,Fairfield,New South Wales
-27.88923,153.02891,Cedar Vale,Logan,Queensland
-32.1266,133.67271,Ceduna,Ceduna,South Australia
-32.83211,151.35623,Cessnock,Cessnock,New South Wales
-27.74811,153.07764,Chambers Flat,Logan,Queensland
-33.22671,151.50284,Charmhaven,Wyong Shire,New South Wales
-20.07671,146.26353,Charters Towers,Charters Towers,Queensland
-33.79402,151.16492,Chatswood West,Willoughby,New South Wales
-38.03333,145.13333,Chelsea Heights,Kingston,Victoria
-27.38383,153.01586,Chermside West,Brisbane,Queensland
-31.86094,116.27243,Chidlow,Mundaring,Western Australia
-25.23708,152.27876,Childers,Bundaberg,Queensland
-26.73787,150.6297,Chinchilla,Western Downs,Queensland
-28.23333,153.55,Chinderah,Tweed,New South Wales
-37.7386,145.31431,Chirnside Park,Yarra Ranges,Victoria
-33.64594,151.28466,Church Point,Pittwater,New South Wales
-32.10261,115.84422,City of Cockburn,City of Cockburn,Western Australia
-34.98989,138.60158,Clapham,Mitcham,South Australia
-33.83325,138.61064,Clare,Clare and Gilbert Valleys,South Australia
-42.78333,147.25,Claremont,Glenorchy,Tasmania
-32.58395,151.77757,Clarence Town,Dungog,New South Wales
-31.68282,115.7247,Clarkson,Wanneroo,Western Australia
-28.05308,153.39815,Clear Island Waters,Gold Coast,Queensland
-33.7,136.5,Cleve,Cleve,South Australia
-27.52677,153.26516,Cleveland,Redland,Queensland
-38.1567,144.5551,Clifton Springs,Greater Geelong,Victoria
-20.70718,140.51303,Cloncurry,Cloncurry,Queensland
-27.25341,153.07835,Clontarf,Moreton Bay,Queensland
-31.49873,145.84183,Cobar,Cobar,New South Wales
-34.01592,150.67854,Cobbitty,Camden,New South Wales
-37.93677,145.49376,Cockatoo,Cardinia,Victoria
-30.29626,153.11351,Coffs Harbour,Coffs Harbour,New South Wales
-38.339,143.58489,Colac,Colac-Otway,Victoria
-33.36206,116.15617,Collie,Collie,Western Australia
-27.61282,152.86008,Collingwood Park,Ipswich,Queensland
-34.40095,150.48573,Colo Vale,Wingecarribee,New South Wales
-33.08805,147.14514,Condobolin,Lachlan,New South Wales
-34.45,150.88333,Coniston,Wollongong,New South Wales
-29.01415,134.75495,Coober Pedy,Coober Pedy,South Australia
-32.11934,115.7665,Coogee,City of Cockburn,Western Australia
-15.47028,145.24986,Cooktown,Cook,Queensland
-34.81641,147.19577,Coolamon,Coolamon,New South Wales
-37.65675,144.9346,Coolaroo,Hume,Victoria
-26.5283,153.08809,Coolum Beach,Sunshine Coast,Queensland
-36.23517,149.12408,Cooma,Cooma-Monaro,New South Wales
-31.27734,149.27904,Coonabarabran,Warrumbungle Shire,New South Wales
-30.95389,148.38881,Coonamble,Coonamble,New South Wales
-27.56463,153.04067,Coopers Plains,Brisbane,Queensland
-33.07622,151.45409,Cooranbong,Lake Macquarie Shire,New South Wales
-26.36316,152.98599,Cooroibah,Sunshine Coast,Queensland
-34.64095,148.02838,Cootamundra,Cootamundra,New South Wales
-28.99332,153.28212,Coraki,Lismore Municipality,New South Wales
-34.44043,150.83748,Cordeaux Heights,Wollongong,New South Wales
-32.72014,152.10846,Corlette,Port Stephens Shire,New South Wales
-35.05,138.61667,Coromandel Valley,Onkaparinga,South Australia
-35.99962,146.3858,Corowa,Corowa Shire,New South Wales
-29.82619,152.89156,Coutts Crossing,Clarence Valley,New South Wales
-38.45231,145.23865,Cowes,Bass Coast,Victoria
-33.83554,148.69663,Cowra,Cowra,New South Wales
-35,138.7,Crafers,Adelaide Hills,South Australia
-37.6,144.95,Craigieburn,Hume,Victoria
-38.11531,145.29814,Cranbourne East,Casey,Victoria
-38.13502,145.23958,Cranbourne South,Casey,Victoria
-38.0965,145.26707,Cranbourne West,Casey,Victoria
-31.1887,152.97301,Crescent Head,Kempsey,New South Wales
-38.35,145.2,Crib Point,Mornington Peninsula,Victoria
-34.46667,150.88333,Cringila,Wollongong,New South Wales
-34.45925,149.47137,Crookwell,Upper Lachlan Shire,New South Wales
-34.59432,150.84126,Croom,Shellharbour,New South Wales
-37.78333,145.3,Croydon North,Maroondah,Victoria
-33.35256,138.20955,Crystal Brook,Port Pirie City and Dists,South Australia
-35.66669,147.03845,Culcairn,Greater Hume Shire,New South Wales
-34.26396,135.726,Cummins,Lower Eyre Peninsula,South Australia
-31.65398,117.23374,Cunderdin,Cunderdin,Western Australia
-31.8941,152.52141,Cundletown,Greater Taree,New South Wales
-31.73306,115.74766,Currambine,Joondalup,Western Australia
-39.92976,143.85385,Currie,King Island,Tasmania
-43.15333,147.07253,Cygnet,Huon Valley,Tasmania
-26.98333,152.8,D'Aguilar,Moreton Bay,Queensland
-33.93333,151.23333,Daceyville,Randwick,New South Wales
-27.18169,151.26205,Dalby,Western Downs,Queensland
-20.66275,116.71256,Dampier,Roebourne,Western Australia
-37.98333,145.2,Dandenong,Greater Dandenong,Victoria
-34.5,150.78333,Dapto,Wollongong,New South Wales
-31.81255,115.8458,Darch,Wanneroo,Western Australia
-34.09468,142.03966,Dareton,Wentworth,New South Wales
-35.03333,138.56667,Darlington,Onkaparinga,South Australia
-31.91906,116.0812,Darlington,Mundaring,Western Australia
-34.56942,145.9987,Darlington Point,Murrumbidgee Shire,New South Wales
-12.46113,130.84185,Darwin,Darwin,Northern Territory
-33.74297,151.2008,Davidson,Warringah,New South Wales
-27.33333,153.06667,Deagon,Brisbane,Queensland
-27.19354,153.02631,Deception Bay,Moreton Bay,Queensland
-27.66719,152.74867,Deebing Heights,Ipswich,Queensland
-37.58911,143.81472,Delacombe,Ballarat North,Victoria
-41.52477,146.65701,Deloraine,Meander Valley,Tasmania
-33.98307,150.84606,Denham Court,Campbelltown Municipality,New South Wales
-35.52741,144.95958,Deniliquin,Deniliquin,New South Wales
-32.38788,150.68935,Denman,Muswellbrook,New South Wales
-34.96067,117.35321,Denmark,Denmark,Western Australia
-17.30295,123.62864,Derby,Derby-West Kimberley,Western Australia
-37.79238,144.76994,Derrimut,Brimbank,Victoria
-41.17695,146.35152,Devonport,Devonport,Tasmania
-37.62597,144.71881,Diggers Rest,Hume,Victoria
-29.25818,114.93276,Dongara,Irwin,Western Australia
-33.5713,115.82446,Donnybrook,Donnybrook-Balingup,Western Australia
-33.76667,150.86667,Doonside,Blacktown,New South Wales
-33.08139,151.49677,Dora Creek,Lake Macquarie Shire,New South Wales
-37.6,145.15,Doreen,Nillumbik,Victoria
-30.34112,152.71394,Dorrigo,Bellingen,New South Wales
-34.18496,150.71449,Douglas Park,Wollondilly,New South Wales
-38.33375,144.96458,Dromana,Mornington Peninsula,Victoria
-32.24295,148.60484,Dubbo,Dubbo Municipality,New South Wales
-32.01634,149.3871,Dunedoo,Warrumbungle Shire,New South Wales
-32.40032,151.75758,Dungog,Dungog,New South Wales
-33.58333,115.08333,Dunsborough,Busselton,Western Australia
-42.90541,147.31576,Dynnyrne,Hobart,Tasmania
-36.08144,146.92991,East Albury,Albury Municipality,New South Wales
-28.86667,153.58333,East Ballina,Ballina,New South Wales
-32.0098,115.95503,East Cannington,Canning,Western Australia
-38.15568,144.37202,East Geelong,Greater Geelong,Victoria
-33.96667,150.98333,East Hills,Liverpool,New South Wales
-41.43843,147.15101,East Launceston,Launceston,Tasmania
-33.76664,151.18685,East Lindfield,Ku-ring-gai,New South Wales
-28.81933,153.28743,East Lismore,Lismore Municipality,New South Wales
-32.75,151.58333,East Maitland,Maitland Municipality,New South Wales
-33.81031,151.13153,East Ryde,Ryde,New South Wales
-31.08548,150.93721,East Tamworth,Tamworth Municipality,New South Wales
-27.57086,151.97422,East Toowoomba,Toowoomba,Queensland
-31.98894,115.90388,East Victoria Park,Victoria Park,Western Australia
-33.31664,115.70503,Eaton,Dardanup,Western Australia
-36.14057,144.75185,Echuca,Campaspe,Victoria
-37.06322,149.90401,Eden,Bega Valley,New South Wales
-33.37731,149.54654,Eglinton,Bathurst Regional,New South Wales
-32.91621,151.67665,Elermore Vale,Newcastle,New South Wales
-34.71944,138.67707,Elizabeth,Salisbury,South Australia
-37.7,145.15,Eltham North,Nillumbik,Victoria
-23.52296,148.15784,Emerald,Central Highlands,Queensland
-37.93167,145.44093,Emerald,Cardinia,Victoria
-33.73453,150.64874,Emu Heights,Penrith Municipality,New South Wales
-35.57419,138.60055,Encounter Bay,Victor Harbor,South Australia
-34.06564,151.01266,Engadine,Sutherland Shire,New South Wales
-30.73333,151.8,Enmore,Armidale Dumaresq,New South Wales
-36.71667,144.31667,Epsom,Greater Bendigo,Victoria
-33.43218,151.38972,Erina,Gosford Shire,New South Wales
-33.81483,151.05467,Ermington,Parramatta,New South Wales
-32.55717,115.70657,Erskine,Mandurah,Western Australia
-33.86013,121.88259,Esperance,Esperance Shire,Western Australia
-32.26667,148.68333,Eulomogo,Dubbo Municipality,New South Wales
-37.9978,145.24821,Eumemmerring,Casey,Victoria
-41.56858,147.25271,Evandale,Northern Midlands,Tasmania
-29.11777,153.43072,Evans Head,Richmond Valley,New South Wales
-27.40732,152.9884,Everton Park,Brisbane,Queensland
-33.86938,150.97129,Fairfield East,Fairfield,New South Wales
-34.96667,150.6,Falls Creek,Shoalhaven Shire,New South Wales
-12.42275,130.83627,Fannie Bay,Darwin,Northern Territory
-28.6485,153.4512,Federal,Byron Shire,New South Wales
-32.9922,151.60008,Fennell Bay,Lake Macquarie Shire,New South Wales
-37.88333,145.33333,Ferny Creek,Yarra Ranges,Victoria
-27.39594,152.93737,Ferny Hills,Moreton Bay,Queensland
-35.64904,145.57704,Finley,Berrigan,New South Wales
-37.78825,144.93001,Flemington,Moonee Valley,Victoria
-27.65046,152.77451,Flinders View,Ipswich,Queensland
-33.38436,148.0076,Forbes,Forbes,New South Wales
-35.1481,147.46707,Forest Hill,Wagga Wagga,New South Wales
-27.62563,152.96883,Forest Lake,Brisbane,Queensland
-33.76667,151.20833,Forestville,Warringah,New South Wales
-35.31499,149.12859,Forrest,Australian Capital Territory,Australian Capital Territory
-32.18136,152.51715,Forster,Great Lakes,New South Wales
-43.08884,147.00906,Franklin,Huon Valley,Tasmania
-38.12352,145.14836,Frankston North,Frankston,Victoria
-31.03749,152.8753,Frederickton,Kempsey,New South Wales
-34.45407,138.80868,Freeling,Light,South Australia
-33.65297,151.04713,Galston,Hornsby Shire,New South Wales
-38.08985,145.67502,Garfield,Cardinia,Victoria
-32.98208,151.69188,Gateshead,Lake Macquarie Shire,New South Wales
-27.55873,152.27618,Gatton,Lockyer Valley,Queensland
-34.60251,138.74902,Gawler,Gawler,South Australia
-25.62522,151.61144,Gayndah,North Burnett,Queensland
-38.14711,144.36069,Geelong,Greater Geelong,Victoria
-43.16337,146.92549,Geeveston,Huon Valley,Tasmania
-37.95321,145.55536,Gembrook,Cardinia,Victoria
-41.10559,146.82606,George Town,George Town,Tasmania
-28.77897,114.61459,Geraldton,Geraldton-Greenough,Western Australia
-29.8527,151.11806,Gilgai,Inverell,New South Wales
-31.71173,148.66252,Gilgandra,Gilgandra,New South Wales
-23.84852,151.25775,Gladstone,Gladstone,Queensland
-34.086,150.78512,Glen Alpine,Campbelltown Municipality,New South Wales
-29.73485,151.7385,Glen Innes,Glen Innes Severn,New South Wales
-33.33713,115.6743,Glen Iris,Bunbury,Western Australia
-33.76667,150.61667,Glenbrook,Blue Mountains Municipality,New South Wales
-32.93194,151.64103,Glendale,Lake Macquarie Shire,New South Wales
-33.7483,150.85411,Glendenning,Blacktown,New South Wales
-33.96667,150.9,Glenfield,Campbelltown Municipality,New South Wales
-33.7,151,Glenhaven,The Hills Shire,New South Wales
-33.79068,150.6693,Glenmore Park,Penrith Municipality,New South Wales
-33.60177,151.00886,Glenorie,Hornsby Shire,New South Wales
-32.0077,151.9633,Gloucester,Gloucester Shire,New South Wales
-34.18056,142.2265,Gol Gol,Wentworth,New South Wales
-34.78333,138.73333,Golden Grove,Tea Tree Gully,South Australia
-36.77265,144.25271,Golden Square,Greater Bendigo,Victoria
-27.63038,152.88874,Goodna,Ipswich,Queensland
-35.50261,138.78462,Goolwa,Alexandrina,South Australia
-28.54709,150.30546,Goondiwindi,Goondiwindi,Queensland
-28.81667,153.31667,Goonellabah,Lismore Municipality,New South Wales
-31.95444,116.0492,Gooseberry Hill,Kalamunda,Western Australia
-29.3,152.71667,Gordon,Clarence Valley,New South Wales
-33.4244,151.34399,Gosford,Gosford Shire,New South Wales
-32.081,116.0054,Gosnells,Gosnells,Western Australia
-34.75155,149.72086,Goulburn,Goulburn Mulwaree,New South Wales
-29.69012,152.93337,Grafton,Clarence Valley,New South Wales
-42.75149,147.22795,Granton,Glenorchy,Tasmania
-35.01806,117.75556,Grasmere,Albany,Western Australia
-34.05873,151.08604,Grays Point,Sutherland Shire,New South Wales
-31.90072,116.0495,Greenmount,Mundaring,Western Australia
-37.63333,144.86667,Greenvale,Hume,Victoria
-34.90746,150.73311,Greenwell Point,Shoalhaven Shire,New South Wales
-33.89549,148.16438,Grenfell,Weddin,New South Wales
-32.67783,151.38924,Greta,Cessnock,New South Wales
-34.28853,146.05093,Griffith,Griffith,New South Wales
-33.85242,150.97395,Guildford West,Holroyd,New South Wales
-32.36253,149.53201,Gulgong,Mid-Western Regional,New South Wales
-34.82388,138.88467,Gumeracha,Adelaide Hills,South Australia
-35.06525,148.10802,Gundagai,Gundagai,New South Wales
-35.03333,149.25,Gundaroo,Yass Valley,New South Wales
-30.98065,150.25838,Gunnedah,Gunnedah,New South Wales
-30.21674,151.67444,Guyra,Guyra,New South Wales
-34.03637,151.08528,Gymea,Sutherland Shire,New South Wales
-26.18979,152.66499,Gympie,Gympie Regional Council,Queensland
-35.15,138.51667,Hackham,Onkaparinga,South Australia
-35.02863,138.80779,Hahndorf,Mount Barker,South Australia
-18.22485,127.66647,Halls Creek,Halls Creek,Western Australia
-37.74425,142.02202,Hamilton,Southern Grampians,Victoria
-38.12108,144.32799,Hamlyn Heights,Greater Geelong,Victoria
-32.16853,115.8504,Hammond Park,City of Cockburn,Western Australia
-38.03333,145.25,Hampton Park,Casey,Victoria
-31.87227,152.69174,Harrington,Greater Taree,New South Wales
-32.11084,115.93563,Harrisdale,Armadale,Western Australia
-33.07988,115.89447,Harvey,Harvey,Western Australia
-38.3,145.18333,Hastings,Mornington Peninsula,Victoria
-32.66755,152.17831,Hawks Nest,Great Lakes,New South Wales
-34.50429,144.84474,Hay,Hay,New South Wales
-33.72446,150.45839,Hazelbrook,Blue Mountains Municipality,New South Wales
-37.65395,145.51718,Healesville,Yarra Ranges,Victoria
-34.0841,151.01305,Heathcote,Sutherland Shire,New South Wales
-37.96667,145.1,Heatherton,Kingston,Victoria
-35.01667,138.71667,Heathfield,Adelaide Hills,South Australia
-32.80204,151.51327,Heddon Greta,Cessnock,New South Wales
-34.17836,150.99522,Helensburgh,Wollongong,New South Wales
-31.81393,115.98807,Henley Brook,Swan,Western Australia
-35.51745,147.03716,Henty,Greater Hume Shire,New South Wales
-37.9813,146.78559,Heyfield,Wellington,Victoria
-27.37227,152.80195,Highvale,Moreton Bay,Queensland
-32.28327,115.76364,Hillman,Rockingham,Western Australia
-37.69047,144.74172,Hillside,Melton,Victoria
-33.48094,145.53435,Hillston,Carrathool,New South Wales
-35.72189,147.31387,Holbrook,Greater Hume Shire,New South Wales
-33.4,151.41667,Holgate,Gosford Shire,New South Wales
-32.9,151.59167,Holmesville,Lake Macquarie Shire,New South Wales
-33.98333,150.96667,Holsworthy,Liverpool,New South Wales
-19.65921,147.41232,Home Hill,Burdekin,Queensland
-35.11667,137.65,Honiton,Yorke Peninsula,South Australia
-34.83333,138.7,Hope Valley,Tea Tree Gully,South Australia
-37.88264,144.7003,Hoppers Crossing,Wyndham,Victoria
-33.70244,151.09931,Hornsby,Hornsby Shire,New South Wales
-33.6713,151.09428,Hornsby Heights,Hornsby Shire,New South Wales
-36.71131,142.19981,Horsham,Horsham,Victoria
-33.84322,150.84889,Horsley Park,Fairfield,New South Wales
-35.97918,146.62514,Howlong,Corowa Shire,New South Wales
-42.88728,147.40554,Howrah,Clarence,Tasmania
-20.84399,144.20035,Hughenden,Flinders,Queensland
-43.03124,147.04813,Huonville,Huon Valley,Tasmania
-27.59715,152.97432,Inala,Brisbane,Queensland
-18.64552,146.16248,Ingham,Hinchinbrook,Queensland
-34.83333,138.63333,Ingle Farm,Salisbury,South Australia
-34,150.86667,Ingleburn,Campbelltown Municipality,New South Wales
-33.68462,151.26354,Ingleside,Pittwater,New South Wales
-27.70728,140.73697,Innamincka,nil,South Australia
-17.52209,146.03102,Innisfail,Cassowary Coast,Queensland
-29.77403,151.11166,Inverell,Inverell,New South Wales
-41.39167,147.13056,Invermay,Launceston,Tasmania
-27.77992,153.36153,Jacobs Well,Gold Coast,Queensland
-34.64745,150.77464,Jamberoo,Kiama,New South Wales
-33.20531,138.60503,Jamestown,Northern Areas,South Australia
-33.22605,151.41684,Jilliby,Wyong Shire,New South Wales
-36.41623,148.62505,Jindabyne,Snowy River,New South Wales
-35.95474,146.88852,Jindera,Greater Hume Shire,New South Wales
-31.74445,115.76835,Joondalup,Joondalup,Western Australia
-38.13636,145.29684,Junction Village,Casey,Victoria
-34.86819,147.58273,Junee,Junee,New South Wales
-30.30591,115.03825,Jurien Bay,Dandaragan,Western Australia
-33.96495,137.71634,Kadina,Copper Coast,South Australia
-27.7105,114.16505,Kalbarri,Northampton Shire,Western Australia
-35.21814,149.10516,Kaleen,Australian Capital Territory,Australian Capital Territory
-30.74614,121.4742,Kalgoorlie,Kalgoorlie/Boulder,Western Australia
-37.81667,145.36667,Kalorama,Yarra Ranges,Victoria
-32.85772,149.96832,Kandos,Mid-Western Regional,New South Wales
-36.8,144.25,Kangaroo Flat,Greater Bendigo,Victoria
-34.73806,150.53657,Kangaroo Valley,Shoalhaven Shire,New South Wales
-33.253,151.4911,Kanwal,Wyong Shire,New South Wales
-34.33871,138.91644,Kapunda,Light,South Australia
-20.73765,116.84629,Karratha,Roebourne,Western Australia
-33.68787,117.5584,Katanning,Katanning,Western Australia
-14.46517,132.26347,Katherine,Katherine,Northern Territory
-33.71977,150.30739,Katoomba,Blue Mountains Municipality,New South Wales
-37.7371,144.8283,Kealba,Brimbank,Victoria
-37.71667,144.83333,Keilor,Brimbank,Victoria
-37.69997,144.80332,Keilor Lodge,Brimbank,Victoria
-36.0991,140.35315,Keith,Tatiara,South Australia
-32.12434,116.0259,Kelmscott,Armadale,Western Australia
-33.41667,149.6,Kelso,Bathurst Regional,New South Wales
-31.07898,152.83093,Kempsey,Kempsey,New South Wales
-31.63295,152.70393,Kendall,Port Macquarie-Hastings,New South Wales
-34.48213,117.62533,Kendenup,Plantagenet Shire,Western Australia
-27.5042,152.93183,Kenmore Hills,Brisbane,Queensland
-36.78333,144.3,Kennington,Greater Bendigo,Victoria
-33.65527,151.00503,Kenthurst,The Hills Shire,New South Wales
-32.03333,115.96667,Kenwick,Gosnells,Western Australia
-43.12623,147.24641,Kettering,Kingborough,Tasmania
-31.97886,115.95159,Kewdale,Belmont,Western Australia
-37.99116,145.17385,Keysborough,Greater Dandenong,Victoria
-34.66828,150.85219,Kiama,Kiama,New South Wales
-33.76604,151.16213,Killara,Ku-ring-gai,New South Wales
-33.77451,151.22028,Killarney Heights,Warringah,New South Wales
-26.53994,151.8373,Kingaroy,South Burnett,Queensland
-33.16834,151.55305,Kingfisher Shores,Wyong Shire,New South Wales
-37.46667,145.23333,Kinglake West,Murrindindi,Victoria
-28.25983,153.57816,Kingscliff,Tweed,New South Wales
-35.6559,137.6393,Kingscote,Kangaroo Island,South Australia
-34.23333,140.35,Kingston,Loxton Waikerie,South Australia
-42.97638,147.30351,Kingston,Kingborough,Tasmania
-33.76651,150.7144,Kingswood Park,Penrith Municipality,New South Wales
-31.71868,115.73839,Kinross,Joondalup,Western Australia
-33.8305,117.15946,Kojonup,Kojonup,Western Australia
-38.19941,145.49081,Koo-Wee-Rup,Cardinia,Victoria
-33.5547,139.46805,Koomooloo,nil,South Australia
-34.50212,150.80855,Koonawarra,Wollongong,New South Wales
-31.05857,151.0535,Kootingal,Tamworth Municipality,New South Wales
-15.77813,128.74414,Kununurra,Wyndham-East Kimberley,Western Australia
-16.81978,145.63818,Kuranda,Tablelands,Queensland
-34.01088,151.20512,Kurnell,Sutherland Shire,New South Wales
-32.81933,151.47908,Kurri Kurri,Cessnock,New South Wales
-37.67587,144.5969,Kurunjang,Melton,Victoria
-32.23013,115.78128,Kwinana,Kwinana,Western Australia
-36.31335,145.05035,Kyabram,Campaspe,Victoria
-28.62075,153.00482,Kyogle,Kyogle,New South Wales
-35.16667,147.38333,Lake Albert,Wagga Wagga,New South Wales
-33.29868,146.37386,Lake Cargelligo,Lachlan,New South Wales
-37.54993,143.8473,Lake Wendouree,Ballarat North,Victoria
-32.47754,115.75573,Lakelands,Mandurah,Western Australia
-37.88115,147.98103,Lakes Entrance,East Gippsland,Victoria
-35.29596,139.03591,Langhorne Creek,Alexandrina,South Australia
-38.16667,145.16667,Langwarrin,Frankston,Victoria
-38.19868,145.18068,Langwarrin South,Mornington Peninsula,Victoria
-38.02388,144.40617,Lara,Greater Geelong,Victoria
-32.7,151.6,Largs,Maitland Municipality,New South Wales
-28.65162,153.11077,Larnook,Lismore Municipality,New South Wales
-12.45527,130.83172,Larrakeyah,Darwin,Northern Territory
-41.24641,146.42458,Latrobe,Latrobe,Tasmania
-42.91364,147.48747,Lauderdale,Clarence,Tasmania
-41.43876,147.13467,Launceston,Launceston,Tasmania
-37.78058,145.56834,Launching Place,Yarra Ranges,Victoria
-37.86201,144.76979,Laverton,Hobsons Bay,Victoria
-36.05,146.93333,Lavington,Albury Municipality,New South Wales
-33.72064,150.42975,Lawson,Blue Mountains Municipality,New South Wales
-12.36667,130.9,Leanyer,Darwin,Northern Territory
-34.55105,146.40483,Leeton,Leeton,New South Wales
-38.19001,144.46825,Leopold,Greater Geelong,Victoria
-34.05,150.83333,Leumeah,Campbelltown Municipality,New South Wales
-33.71667,150.33333,Leura,Blue Mountains Municipality,New South Wales
-34.60449,138.59125,Lewiston,Mallala,South Australia
-33.86436,151.0397,Lidcombe,Auburn,New South Wales
-29.42743,147.97865,Lightning Ridge,Walgett,New South Wales
-37.75,145.35,Lilydale,Yarra Ranges,Victoria
-42.84837,147.36192,Lindisfarne,Clarence,Tasmania
-33.38333,151.36667,Lisarow,Gosford Shire,New South Wales
-28.81354,153.2773,Lismore,Lismore Municipality,New South Wales
-33.48247,150.13631,Lithgow,Lithgow,New South Wales
-35.05,138.85,Little Hampton,Mount Barker,South Australia
-33.24066,151.37006,Little Jilliby,Wyong Shire,New South Wales
-26.78436,153.09218,Little Mountain,Sunshine Coast,Queensland
-37.96667,144.5,Little River,Wyndham,Victoria
-34.90455,138.87477,Lobethal,Adelaide Hills,South Australia
-34.04467,151.04646,Loftus,Sutherland Shire,New South Wales
-27.72414,153.09002,Logan Reserve,Logan,Queensland
-36.74305,144.25788,Long Gully,Greater Bendigo,Victoria
-41.60512,147.11887,Longford,Northern Midlands,Tasmania
-33.83116,151.1662,Longueville,Lane Cove,New South Wales
-34.28333,140.43333,Loveday,Berri and Barmera,South Australia
-28.04751,153.24572,Lower Beechmont,Gold Coast,Queensland
-31.58333,116.11667,Lower Chittering,Chittering,Western Australia
-34.95778,117.93833,Lower King,Albany,Western Australia
-34.4502,140.56908,Loxton,Loxton Waikerie,South Australia
-33.8785,150.68863,Luddenham,Liverpool,New South Wales
-12.42032,130.85506,Ludmilla,Darwin,Northern Territory
-33.98267,151.04184,Lugarno,Hurstville,New South Wales
-42.83475,147.31152,Lutana,Glenorchy,Tasmania
-38.05588,145.25615,Lynbrook,Casey,Victoria
-34.60124,138.89094,Lyndoch,Barossa,South Australia
-37.93333,145.3,Lysterfield,Yarra Ranges,Victoria
-35.40885,149.12696,Macarthur,Australian Capital Territory,Australian Capital Territory
-35.17182,138.83589,Macclesfield,Mount Barker,South Australia
-37.88333,145.48333,Macclesfield,Yarra Ranges,Victoria
-21.15345,149.16554,Mackay,Mackay,Queensland
-30.7078,152.92029,Macksville,Nambucca Shire,New South Wales
-29.4581,153.19753,Maclean,Clarence Valley,New South Wales
-33.49663,151.42215,Macmasters Beach,Gosford Shire,New South Wales
-35.25126,149.06363,Macquarie,Australian Capital Territory,Australian Capital Territory
-33.775,151.11248,Macquarie Park,Ryde,New South Wales
-32.05,115.98333,Maddington,Gosnells,Western Australia
-19.15514,146.8485,Magnetic Island,Townsville,Queensland
-31.95187,116.02764,Maida Vale,Kalamunda,Western Australia
-34.37386,137.67333,Maitland,Yorke Peninsula,South Australia
-34.4374,138.50987,Mallala,Mallala,South Australia
-32.5269,115.7217,Mandurah,Mandurah,Western Australia
-27.24349,153.02384,Mango Hill,Moreton Bay,Queensland
-30.74748,150.71974,Manilla,Tamworth Municipality,New South Wales
-34.24122,116.14564,Manjimup,Manjimup,Western Australia
-27.47382,153.16641,Manly West,Brisbane,Queensland
-34.91529,139.30325,Mannum,Mid Murray,South Australia
-37.052,146.08846,Mansfield,Mansfield,Victoria
-16.995,145.42323,Mareeba,Tablelands,Queensland
-33.9536,115.07391,Margaret River,Augusta-Margaret River Shire,Western Australia
-43.02814,147.26256,Margate,Kingborough,Tasmania
-37.78333,144.88333,Maribyrnong,Maribyrnong,Victoria
-35.01667,138.56667,Marion,Marion,South Australia
-25.54073,152.70493,Maryborough,Fraser Coast,Queensland
-37.04562,143.73923,Maryborough,Central Goldfields,Victoria
-33.95,151.23333,Matraville,Randwick,New South Wales
-41.3876,147.13052,Mayfield,Launceston,Tasmania
-32.89195,151.72711,Mayfield West,Newcastle,New South Wales
-38.34972,144.92806,McCrae,Mornington Peninsula,Victoria
-35.21895,138.54326,McLaren Vale,Onkaparinga,South Australia
-12.55397,131.11165,McMinns Lagoon,Litchfield,Northern Territory
-35.18021,138.7625,Meadows,Mount Barker,South Australia
-32.23333,115.78333,Medina,Kwinana,Western Australia
-32.7415,151.8676,Medowie,Port Stephens Shire,New South Wales
-37.70773,144.57493,Melton South,Melton,Victoria
-37.67852,144.56883,Melton West,Melton,Victoria
-28.18333,116.73333,Melville,Yalgoo,Western Australia
-34.01667,151.01667,Menai,Sutherland Shire,New South Wales
-35.68841,139.33856,Meningie,The Coorong,South Australia
-36.88901,149.90961,Merimbula,Bega Valley,New South Wales
-37.60075,145.09555,Mernda,Whittlesea,Victoria
-31.48094,118.27448,Merredin,Merredin,Western Australia
-38.38333,145.08333,Merricks,Mornington Peninsula,Victoria
-32.13922,150.35562,Merriwa,Upper Hunter Shire,New South Wales
-31.85,116.01667,Middle Swan,Swan,Western Australia
-31.9,116,Midland,Swan,Western Australia
-34.18551,142.16251,Mildura,Mildura Shire,Victoria
-37.66667,145.06667,Mill Park,Whittlesea,Victoria
-20.74168,116.81731,Millars Well,Roebourne,Western Australia
-37.75527,145.65347,Millgrove,Yarra Ranges,Victoria
-37.59389,140.34947,Millicent,Wattle Range,South Australia
-33.44601,149.18539,Millthorpe,Blayney,New South Wales
-35.31644,150.4361,Milton,Shoalhaven Shire,New South Wales
-34.45002,150.44572,Mittagong,Wingecarribee,New South Wales
-36.1136,144.75648,Moama,Murray Shire,New South Wales
-34.83333,138.68333,Modbury,Tea Tree Gully,South Australia
-38.17828,146.26099,Moe,Latrobe,Victoria
-27.58333,152.86667,Moggill,Brisbane,Queensland
-33.09233,148.87002,Molong,Cabonne,New South Wales
-34.2384,140.56131,Monash,Berri and Barmera,South Australia
-37.88333,145.4,Monbulk,Yarra Ranges,Victoria
-26.21191,152.68245,Monkland,Gympie Regional Council,Queensland
-37.81667,145.35,Montrose,Yarra Ranges,Victoria
-26.68164,153.11925,Mooloolaba,Sunshine Coast,Queensland
-30.20575,153.15293,Moonee Beach,Coffs Harbour,New South Wales
-30.64003,116.00365,Moora,Moora,Western Australia
-38.21667,145.11667,Moorooduc,Mornington Peninsula,Victoria
-22.00163,148.04661,Moranbah,Isaac,Queensland
-27.10876,152.94907,Morayfield,Moreton Bay,Queensland
-29.46278,149.84157,Moree,Moree Plains,New South Wales
-38.21792,145.03876,Mornington,Mornington Peninsula,Victoria
-35.9125,150.08144,Moruya,Eurobodalla,New South Wales
-38.23476,146.39499,Morwell,Latrobe,Victoria
-34.55374,150.37115,Moss Vale,Wingecarribee,New South Wales
-35.06667,138.86667,Mount Barker,Mount Barker,South Australia
-34.63084,117.66606,Mount Barker,Plantagenet Shire,Western Australia
-36.73628,147.17531,Mount Beauty,Alpine,Victoria
-37.6,143.88333,Mount Clear,Ballarat North,Victoria
-33.68333,151.11667,Mount Colah,Hornsby Shire,New South Wales
-35.34685,138.62032,Mount Compass,Alexandrina,South Australia
-37.83333,145.36667,Mount Dandenong,Yarra Ranges,Victoria
-33.76667,150.81667,Mount Druitt,Blacktown,New South Wales
-38.18333,145.08333,Mount Eliza,Mornington Peninsula,Victoria
-37.78333,145.38333,Mount Evelyn,Yarra Ranges,Victoria
-37.8318,140.77919,Mount Gambier,Mount Gambier,South Australia
-31.87606,116.21025,Mount Helena,Mundaring,Western Australia
-20.72523,139.49727,Mount Isa,Mount Isa,Queensland
-34.41889,150.85417,Mount Keira,Wollongong,New South Wales
-38.26667,145.01667,Mount Martha,Mornington Peninsula,Victoria
-27.9643,153.27198,Mount Nathan,Gold Coast,Queensland
-34.9629,138.65664,Mount Osmond,Burnside,South Australia
-37.58333,143.86667,Mount Pleasant,Ballarat,Victoria
-34.44333,150.87222,Mount Saint Thomas,Wollongong,New South Wales
-32.59426,149.5871,Mudgee,Mid-Western Regional,New South Wales
-33.838,150.64963,Mulgoa,Penrith Municipality,New South Wales
-35.99161,146.00114,Mulwala,Corowa Shire,New South Wales
-31.9021,116.16757,Mundaring,Mundaring,Western Australia
-32.29217,115.98564,Mundijong,Serpentine-Jarrahdale,Western Australia
-36.36667,140.68333,Mundulla,Tatiara,South Australia
-35.11986,139.27345,Murray Bridge,Murray Bridge,South Australia
-27.26733,153.01053,Murrumba Downs,Moreton Bay,Queensland
-34.97199,149.02985,Murrumbateman,Yass Valley,New South Wales
-37.89023,145.07112,Murrumbeena,Glen Eira,Victoria
-28.32732,153.39339,Murwillumbah,Tweed,New South Wales
-32.26118,150.89009,Muswellbrook,Muswellbrook,New South Wales
-32.09837,152.37627,Nabiac,Great Lakes,New South Wales
-35.0345,138.91154,Nairne,Mount Barker,South Australia
-26.62613,152.95941,Nambour,Sunshine Coast,Queensland
-30.63333,152.98333,Nambucca,Nambucca Shire,New South Wales
-30.13333,153.01667,Nana Glen,Coffs Harbour,New South Wales
-36.95785,140.7383,Naracoorte,Naracoorte and Lucindale,South Australia
-27.20338,152.95923,Narangba,Moreton Bay,Queensland
-33.4,151.35,Narara,Gosford Shire,New South Wales
-34.03333,150.73333,Narellan,Camden,New South Wales
-34.04974,150.74392,Narellan Vale,Camden,New South Wales
-36.22101,150.13062,Narooma,Eurobodalla,New South Wales
-30.32612,149.78371,Narrabri,Narrabri,New South Wales
-34.74752,146.55096,Narrandera,Narrandera,New South Wales
-33.75519,151.27659,Narraweena,Warringah,New South Wales
-37.98333,145.31667,Narre Warren North,Casey,Victoria
-32.93282,117.17763,Narrogin,Narrogin,Western Australia
-32.23121,148.24052,Narromine,Narromine,New South Wales
-27.55888,153.0623,Nathan,Brisbane,Queensland
-32.72043,152.14398,Nelson Bay,Port Stephens Shire,New South Wales
-27.98941,153.33633,Nerang,Gold Coast,Queensland
-42.78261,147.0587,New Norfolk,Derwent Valley,Tasmania
-42.85758,147.30869,New Town,Hobart,Tasmania
-37.55846,143.82485,Newington,Ballarat North,Victoria
-23.35644,119.73553,Newman,East Pilbara,Western Australia
-41.39714,147.13127,Newnham,Launceston,Tasmania
-41.43333,147.16667,Newstead,Launceston,Tasmania
-12.18652,136.78201,Nhulunbuy,East Arnhem,Northern Territory
-20.74558,116.7954,Nickol,Roebourne,Western Australia
-12.38299,130.8517,Nightcliff,Darwin,Northern Territory
-28.59726,153.22254,Nimbin,Lismore Municipality,New South Wales
-35.18209,138.50138,Noarlunga,Onkaparinga,South Australia
-35.1504,138.50395,Noarlunga Downs,Onkaparinga,South Australia
-26.39433,153.0901,Noosa Heads,Sunshine Coast,Queensland
-26.4,153.06667,Noosaville,Sunshine Coast,Queensland
-33.26785,151.55352,Noraville,Wyong Shire,New South Wales
-35.44781,138.31495,Normanville,Yankalilla,South Australia
-27.60392,152.79485,North Booval,Ipswich,Queensland
-33.75944,151.09248,North Epping,Hornsby Shire,New South Wales
-31.6368,152.81357,North Haven,Port Macquarie-Hastings,New South Wales
-32.90605,151.70574,North Lambton,Newcastle,New South Wales
-27.76759,153.01646,North Maclean,Logan,Queensland
-33.79677,151.12436,North Ryde,Ryde,New South Wales
-31.40237,152.90185,North Shore,Port Macquarie-Hastings,New South Wales
-33.71313,151.14638,North Turramurra,City of Sydney,New South Wales
-33.70531,151.12278,North Wahroonga,Ku-ring-gai,New South Wales
-37.72924,145.21574,North Warrandyte,Nillumbik,Victoria
-38.6,145.6,North Wonthaggi,Bass Coast,Victoria
-31.64932,116.67423,Northam,Northam,Western Australia
-28.34994,114.63821,Northampton,Northampton Shire,Western Australia
-34.88422,150.60036,Nowra,Shoalhaven Shire,New South Wales
-33.85696,121.87499,Nulsen,Esperance Shire,Western Australia
-34.46825,138.99767,Nuriootpa,Barossa,South Australia
-31.56088,147.18816,Nyngan,Bogan,New South Wales
-34.9834,138.84528,Oakbank,Adelaide Hills,South Australia
-34.0793,150.5132,Oakdale,Wollondilly,New South Wales
-27.43305,151.72063,Oakey,Toowoomba,Queensland
-32.20094,115.93391,Oakford,Serpentine-Jarrahdale,Western Australia
-33.70398,149.85915,Oberon,Oberon,New South Wales
-38.05916,145.40947,Officer,Cardinia,Victoria
-38.0863,145.40208,Officer South,Cardinia,Victoria
-31.9694,152.58807,Old Bar,Greater Taree,New South Wales
-42.77758,147.26659,Old Beach,Brighton,Tasmania
-37.85,145.36667,Olinda,Yarra Ranges,Victoria
-27.62902,152.73768,One Mile,Ipswich,Queensland
-34.7,138.76667,One Tree Hill,Playford,South Australia
-33.28397,149.10018,Orange,Orange Municipality,New South Wales
-32.2333,115.82227,Orelia,Kwinana,Western Australia
-27.79653,153.2567,Ormeau Hills,Gold Coast,Queensland
-31.90066,115.81083,Osborne Park,Stirling,Western Australia
-35.07087,142.32034,Ouyen,Mildura Shire,Victoria
-27.89033,153.31309,Oxenford,Gold Coast,Queensland
-33.95687,151.03191,Padstow,Bankstown,New South Wales
-38.13333,145.51667,Pakenham South,Cardinia,Victoria
-38.01667,145.51667,Pakenham Upper,Cardinia,Victoria
-33.59664,151.32384,Palm Beach,Pittwater,New South Wales
-16.75,145.66667,Palm Cove,Cairns,Queensland
-12.48602,130.9833,Palmerston,Palmerston,Northern Territory
-32.04502,115.78589,Palmyra,Melville,Western Australia
-33.8178,151.00348,Paramatta,Parramatta,New South Wales
-37.77688,145.21463,Park Orchards,Manningham,Victoria
-27.72707,153.0332,Park Ridge South,Logan,Queensland
-31.87472,116.138,Parkerville,Mundaring,Western Australia
-33.1372,148.1759,Parkes,Parkes,New South Wales
-32.25784,115.82208,Parmelia,Kwinana,Western Australia
-38.06934,145.14327,Patterson Lakes,Kingston,Victoria
-32.72387,148.19052,Peak Hill,Parkes,New South Wales
-31.66667,116.01667,Pearce,Swan,Western Australia
-34.44311,116.03689,Pemberton,Manjimup,Western Australia
-41.12258,146.07318,Penguin,Central Coast,Tasmania
-33.73783,151.07216,Pennant Hills,Hornsby Shire,New South Wales
-37.3752,140.83678,Penola,Wattle Range,South Australia
-33.75,150.7,Penrith,Penrith Municipality,New South Wales
-26.48801,153.07577,Peregian Springs,Sunshine Coast,Queensland
-41.57231,147.17096,Perth,Northern Midlands,Tasmania
-33.48741,149.54642,Perthville,Bathurst Regional,New South Wales
-32.97205,138.84073,Peterborough,Peterborough,South Australia
-31.13333,150.85,Phillip,Tamworth Municipality,New South Wales
-38.48349,145.23102,Phillip Island,Bass Coast,Victoria
-34.16995,150.61168,Picton,Wollondilly,New South Wales
-32.6298,115.87351,Pinjarra,Murray,Western Australia
-33.58718,150.85857,Pitt Town,Hawkesbury,New South Wales
-37.66667,145.11667,Plenty,Nillumbik,Victoria
-33.44378,151.32732,Point Clare,Gosford Shire,New South Wales
-32.49597,137.77281,Port Augusta,Port Augusta,South Australia
-32.48611,137.75833,Port Augusta West,Port Augusta,South Australia
-29.28333,114.91667,Port Denison,Irwin,Western Australia
-16.48383,145.46725,Port Douglas,Cairns,Queensland
-35.52998,138.67806,Port Elliot,Alexandrina,South Australia
-38.38535,142.2371,Port Fairy,Moyne,Victoria
-20.31215,118.61059,Port Hedland,Port Hedland,Western Australia
-34.4818,150.9012,Port Kembla,Wollongong,New South Wales
-32.37342,115.7515,Port Kennedy,Rockingham,Western Australia
-34.72625,135.87442,Port Lincoln,Port Lincoln,South Australia
-31.43084,152.90894,Port Macquarie,Port Macquarie-Hastings,New South Wales
-37.83961,144.94228,Port Melbourne,Port Phillip,Victoria
-33.19176,138.01746,Port Pirie,Port Pirie City and Dists,South Australia
-41.16652,146.55283,Port Sorell,Latrobe,Tasmania
-32.71314,152.06623,Port Stephens,Port Stephens Shire,New South Wales
-34.49722,137.48534,Port Victoria,Yorke Peninsula,South Australia
-33.35709,149.98148,Portland,Lithgow,New South Wales
-38.3462,141.60257,Portland,Glenelg,Victoria
-28.38853,153.56564,Pottsville Beach,Tweed,New South Wales
-20.4011,148.5802,Proserpine,Whitsunday,Queensland
-34.88241,138.5933,Prospect,Prospect,South Australia
-27.52283,152.88651,Pullenvale,Brisbane,Queensland
-33.74386,151.14188,Pymble,City of Sydney,New South Wales
-35.35493,149.232,Queanbeyan,Queanbeyan,New South Wales
-38.26789,144.66193,Queenscliff,Queenscliffe,Victoria
-42.0805,145.55646,Queenstown,West Coast,Tasmania
-33.6356,115.14899,Quindalup,Busselton,Western Australia
-31.50763,150.67902,Quirindi,Liverpool Plains,New South Wales
-32.34676,138.04176,Quorn,Flinders Ranges,South Australia
-25.90432,153.09174,Rainbow Beach,Gympie Regional Council,Queensland
-27.58318,151.97997,Rangeville,Toowoomba,Queensland
-33.03773,151.58443,Rathmines,Lake Macquarie Shire,New South Wales
-17.60758,145.48091,Ravenshoe,Tablelands,Queensland
-33.58303,120.04688,Ravensthorpe,Ravensthorpe,Western Australia
-32.73333,151.61667,Raworth,Maitland Municipality,New South Wales
-32.75,151.75,Raymond Terrace,Port Stephens Shire,New South Wales
-20.31667,148.5,Red Hill,Whitsunday,Queensland
-27.6,152.86667,Redbank,Ipswich,Queensland
-27.64613,152.85965,Redbank Plains,Ipswich,Queensland
-27.6113,153.30022,Redland Bay,Redland,Queensland
-16.88333,145.7,Redlynch,Cairns,Queensland
-33.88333,151.01667,Regents Park,Bankstown,New South Wales
-34.17702,140.74697,Renmark,Renmark Paringa,South Australia
-34.16531,140.7097,Renmark West,Renmark Paringa,South Australia
-37.71667,145,Reservoir,Darebin,Victoria
-35.09372,138.53082,Reynella,Onkaparinga,South Australia
-27.59616,152.95321,Richlands,Brisbane,Queensland
-33.59956,150.75142,Richmond,Hawkesbury,New South Wales
-31.6615,115.72261,Ridgewood,Wanneroo,Western Australia
-33.68333,150.86667,Riverstone,Blacktown,New South Wales
-27.6,152.85,Riverview,Ipswich,Queensland
-27.56583,153.05738,Robertson,Brisbane,Queensland
-27.59521,153.12332,Rochedale South,Logan,Queensland
-37.73353,144.67003,Rockbank,Melton,Victoria
-23.38032,150.50595,Rockhampton,Rockhampton,Queensland
-27.53917,153.00402,Rocklea,Brisbane,Queensland
-20.77229,117.14648,Roebourne,Roebourne,Western Australia
-42.89875,147.44917,Rokeby,Clarence,Tasmania
-26.56741,148.78751,Roma,Maranoa,Queensland
-41.77941,145.53825,Rosebery,West Coast,Tasmania
-38.35542,144.9068,Rosebud,Mornington Peninsula,Victoria
-38.36444,144.87748,Rosebud West,Mornington Peninsula,Victoria
-34.53397,138.75023,Roseworthy,Light,South Australia
-33.68207,150.9154,Rouse Hill,Blacktown,New South Wales
-37.93333,145.23333,Rowville,Knox,Victoria
-30.56305,136.89546,Roxby Downs,Roxby Downs,South Australia
-32.71667,151.53333,Rutherford,Maitland Municipality,New South Wales
-27.61251,152.74577,Sadliers Crossing,Ipswich,Queensland
-38.31535,145.00027,Safety Beach,Mornington Peninsula,Victoria
-37.60151,145.27235,Saint Andrews,Nillumbik,Victoria
-38.11095,147.06802,Sale,Wellington,Victoria
-34.76667,138.63333,Salisbury,Salisbury,South Australia
-27.3727,152.86699,Samford Valley,Moreton Bay,Queensland
-32.06996,115.7977,Samson,Fremantle,Western Australia
-42.93333,147.5,Sandford,Clarence,Tasmania
-27.32198,153.06951,Sandgate,Brisbane,Queensland
-38.081,145.20767,Sandhurst,Frankston,Victoria
-21.4191,149.21677,Sarina,Mackay,Queensland
-33.6045,150.88314,Scheyville,Hawkesbury,New South Wales
-37.9,145.23333,Scoresby,Knox,Victoria
-41.1578,147.51727,Scottsdale,Dorset,Tasmania
-35.02983,138.53129,Seacliff Park,Holdfast Bay,South Australia
-37.864,144.84504,Seaholme,Hobsons Bay,Victoria
-37.58532,143.83953,Sebastopol,Ballarat North,Victoria
-32.40589,115.75852,Secret Harbour,Rockingham,Western Australia
-32.36051,115.97723,Serpentine,Serpentine-Jarrahdale,Western Australia
-27.5507,152.95896,Seventeen Mile Rocks,Brisbane,Queensland
-32.13645,115.98905,Seville Grove,Armadale,Western Australia
-24.87593,152.26994,Sharon,Bundaberg,Queensland
-41.39947,146.33897,Sheffield,Kentish,Tasmania
-36.38047,145.39867,Shepparton,Greater Shepparton,Victoria
-27.32759,153.08161,Shorncliffe,Brisbane,Queensland
-27.62126,152.78768,Silkstone,Ipswich,Queensland
-31.74261,115.80633,Sinagra,Wanneroo,Western Australia
-32.56742,151.16603,Singleton,Singleton,New South Wales
-32.44403,115.75725,Singleton,Rockingham,Western Australia
-27.65,153.15,Slacks Creek,Logan,Queensland
-34.68333,138.68333,Smithfield,Playford,South Australia
-40.84587,145.12498,Smithton,Circular Head,Tasmania
-37.54962,143.85872,Soldiers Hill,Ballarat North,Victoria
-33.2,138.03333,Solomontown,Port Pirie City and Dists,South Australia
-38.4,145.16667,Somers,Mornington Peninsula,Victoria
-38.21667,145.16667,Somerville,Mornington Peninsula,Victoria
-42.78161,147.56267,Sorell,Sorell,Tasmania
-29.7076,152.92627,South Grafton,Clarence Valley,New South Wales
-31.9122,115.96825,South Guildford,Swan,Western Australia
-37.83018,144.8709,South Kingsville,Hobsons Bay,Victoria
-32.11125,115.83873,South Lake,City of Cockburn,Western Australia
-31.11,150.92254,South Tamworth,Tamworth Municipality,New South Wales
-33.74941,151.11257,South Turramurra,Ku-ring-gai,New South Wales
-33.61808,150.80443,South Windsor,Hawkesbury,New South Wales
-32.5851,115.78015,South Yunderup,Murray,Western Australia
-32.10658,115.95896,Southern River,Gosnells,Western Australia
-27.96724,153.39796,Southport,Gold Coast,Queensland
-27.65365,152.91716,Springfield,Ipswich,Queensland
-27.66757,152.92488,Springfield Lakes,Ipswich,Queensland
-35.16687,147.33058,Springvale,Wagga Wagga,New South Wales
-27.61183,153.12899,Springwood,Logan,Queensland
-41.32028,148.23889,St Helens,Break O'Day,Tasmania
-28.65425,151.93388,Stanthorpe,Southern Downs,Queensland
-37.05632,142.78088,Stawell,Northern Grampians,Victoria
-30.86667,121.76667,Stoneville,Kalgoorlie/Boulder,Western Australia
-35.25979,138.89247,Strathalbyn,Alexandrina,South Australia
-27.30414,152.98977,Strathpine,Moreton Bay,Queensland
-31.86828,116.04066,Stratton,Swan,Western Australia
-32.79554,134.20928,Streaky Bay,Streaky Bay,South Australia
-12.44306,130.845,Stuart Park,Darwin,Northern Territory
-32.14281,115.84999,Success,City of Cockburn,Western Australia
-41.46747,147.12796,Summerhill,Launceston,Tasmania
-37.57742,144.72607,Sunbury,Hume,Victoria
-27.58333,153.05,Sunnybank,Brisbane,Queensland
-27.61025,153.05388,Sunnybank Hills,Brisbane,Queensland
-37.79117,144.81637,Sunshine West,Brimbank,Victoria
-35.33781,143.5544,Swan Hill,Swan Hill,Victoria
-31.88333,116.05,Swan View,Mundaring,Western Australia
-35.25226,139.45546,Tailem Bend,Murray Bridge,South Australia
-28.15,153.43333,Tallebudgera,Gold Coast,Queensland
-28.1927,153.35489,Tallebudgera Valley,Gold Coast,Queensland
-27.96954,153.19937,Tamborine Mountain,Scenic Rim,Queensland
-31.09048,150.92905,Tamworth,Tamworth Municipality,New South Wales
-34.52336,138.95982,Tanunda,Barossa,South Australia
-31.71947,115.79559,Tapping,Wanneroo,Western Australia
-31.91099,152.45387,Taree,Greater Taree,New South Wales
-27.49061,152.97861,Taringa,Brisbane,Queensland
-37.86667,144.66667,Tarneit,Wyndham,Victoria
-25.63925,149.7998,Taroom,Banana,Queensland
-42.9452,147.3484,Taroona,Kingborough,Tasmania
-33.79279,151.03858,Telopea,Parramatta,New South Wales
-19.6497,134.19147,Tennant Creek,Barkly,Northern Territory
-26.39104,153.03432,Tewantin,Sunshine Coast,Queensland
-24.9,152.35,Thabeban,Bundaberg,Queensland
-27.63333,152.63333,Thagoona,Ipswich,Queensland
-37.85,145.31667,The Basin,Knox,Victoria
-28.16048,138.6754,The Sill,nil,South Australia
-31.75492,116.00238,The Vines,Swan,Western Australia
-37.68333,145.01667,Thomastown,Whittlesea,Victoria
-10.57937,142.21686,Thursday Island,Torres,Queensland
-23.03829,148.34463,Tieri,Central Highlands,Queensland
-25.91646,153.00584,Tin Can Bay,Gympie Regional Council,Queensland
-26.40443,152.98256,Tinbeerwah,Sunshine Coast,Queensland
-27.59278,152.76798,Tivoli,Ipswich,Queensland
-17.23333,145.48333,Tolga,Tablelands,Queensland
-22.6939,117.7931,Tom Price,Ashburton,Western Australia
-31.54977,116.46743,Toodyay,Toodyay,Western Australia
-23.93333,151.28333,Toolooa,Gladstone,Queensland
-38.21475,145.38325,Tooradin,Casey,Victoria
-38.3777,144.85015,Tootgarook,Mornington Peninsula,Victoria
-27.56056,151.95386,Toowoomba,Toowoomba,Queensland
-27.63584,151.9392,Top Camp,Toowoomba,Queensland
-33.01357,151.59373,Toronto,Lake Macquarie Shire,New South Wales
-25.28496,152.87886,Torquay,Fraser Coast,Queensland
-19.26639,146.80569,Townsville,Townsville,Queensland
-38.19528,146.5415,Traralgon,Latrobe,Victoria
-16.78876,145.69682,Trinity Beach,Cairns,Queensland
-37.81667,144.75,Truganina,Wyndham,Victoria
-34.37506,136.10333,Tumby Bay,Tumby Bay,South Australia
-35.30016,148.22505,Tumut,Tumut Shire,New South Wales
-28.18736,153.52278,Tweed Heads West,Tweed,New South Wales
-26.61,153,Twin Waters,Sunshine Coast,Queensland
-31.49985,115.58737,Two Rocks,Wanneroo,Western Australia
-34.59327,138.51367,Two Wells,Mallala,South Australia
-38.25,145.18333,Tyabb,Mornington Peninsula,Victoria
-35.35906,150.47247,Ulladulla,Shoalhaven Shire,New South Wales
-41.16026,146.18242,Ulverstone,Central Coast,Tasmania
-33.52314,151.31325,Umina,Gosford Shire,New South Wales
-27.9,153.3,Upper Coomera,Gold Coast,Queensland
-27.56128,153.08453,Upper Mount Gravatt,Brisbane,Queensland
-35.01667,138.68333,Upper Sturt,Adelaide Hills,South Australia
-25.29214,152.90535,Urangan,Fraser Coast,Queensland
-25.3,152.81667,Urraween,Fraser Coast,Queensland
-28.0894,153.4122,Varsity Lakes,Gold Coast,Queensland
-33.66667,115.25,Vasse,Busselton,Western Australia
-37.85747,145.1827,Vermont South,Whitehorse,Victoria
-35.55042,138.62154,Victor Harbor,Victor Harbor,South Australia
-27.58329,153.31172,Victoria Point,Redland,Queensland
-12.51895,131.02844,Virginia,Litchfield,Northern Territory
-34.6663,138.56027,Virginia,Playford,South Australia
-27.58333,152.93333,Wacol,Brisbane,Queensland
-35.12577,147.35375,Wagga Wagga,Wagga Wagga,New South Wales
-28.71883,114.63924,Waggrakine,Geraldton-Greenough,Western Australia
-33.30894,117.34328,Wagin,Wagin,Western Australia
-34.18178,139.98552,Waikerie,Loxton Waikerie,South Australia
-21.16097,149.05814,Walkerston,Mackay,Queensland
-33.93881,137.63365,Wallaroo,Copper Coast,South Australia
-38.17577,144.30387,Wandana Heights,Greater Geelong,Victoria
-36.35846,146.32056,Wangaratta,Wangaratta,Victoria
-31.75,115.8,Wanneroo,Wanneroo,Western Australia
-37.88333,145.21667,Wantirna South,Knox,Victoria
-32.84323,115.92201,Waroona,Waroona,Western Australia
-38.15912,145.93118,Warragul,Baw Baw,Victoria
-42.85546,147.38297,Warrane,Clarence,Tasmania
-38.38176,142.48799,Warrnambool,Warrnambool,Victoria
-28.21901,152.03438,Warwick,Southern Downs,Queensland
-27.69056,153.13319,Waterford West,Logan,Queensland
-38.01478,145.1305,Waterways,Kingston,Victoria
-37.69981,145.08468,Watsonia North,Banyule,Victoria
-34.92516,138.67501,Wattle Park,Burnside,South Australia
-27.39385,153.04698,Wavell Heights,Brisbane,Queensland
-12.62346,141.87883,Weipa,Cook,Queensland
-32.26667,115.83333,Wellard,Kwinana,Western Australia
-32.55588,148.94508,Wellington,Wellington,New South Wales
-27.48333,153.25,Wellington Point,Redland,Queensland
-37.9,144.66667,Werribee,Wyndham,Victoria
-37.9475,144.71667,Werribee South,Wyndham,Victoria
-33.7465,150.73929,Werrington County,Penrith Municipality,New South Wales
-33.74206,150.72779,Werrington Downs,Penrith Municipality,New South Wales
-36.07979,146.89227,West Albury,Albury Municipality,New South Wales
-41.45092,147.13114,West Launceston,Launceston,Tasmania
-42.84996,147.28181,West Moonah,Glenorchy,Tasmania
-23.37996,150.48102,West Rockhampton,Rockhampton,Queensland
-33.80543,151.07386,West Ryde,Ryde,New South Wales
-33.92373,147.20473,West Wyalong,Bland,New South Wales
-27.61667,151.86667,Westbrook,Toowoomba,Queensland
-41.52914,146.83914,Westbury,Meander Valley,Tasmania
-26.8,150.15,Westcourt,Western Downs,Queensland
-36.72875,144.30525,White Hills,Greater Bendigo,Victoria
-37.51152,145.11836,Whittlesea,Whittlesea,Victoria
-33.03268,137.56483,Whyalla,Whyalla,South Australia
-34.58333,138.75,Willaston,Light,South Australia
-37.8619,144.74371,Williams Landing,Wyndham,Victoria
-34.6721,138.89108,Williamstown,Barossa,South Australia
-27.53227,151.92444,Wilsonton Heights,Toowoomba,Queensland
-32.99277,151.68167,Windale,Lake Macquarie Shire,New South Wales
-27.73333,153.2,Windaroo,Logan,Queensland
-36.12179,146.88809,Wodonga,Wodonga,Victoria
-26.3177,151.87242,Wondai,South Burnett,Queensland
-30.89294,116.71925,Wongan Hills,Wongan-Ballidu,Western Australia
-31.88695,115.99196,Woodbridge,Swan,Western Australia
-26.95291,152.77747,Woodford,Moreton Bay,Queensland
-27.63333,153.1,Woodridge,Logan,Queensland
-34.95433,138.87901,Woodside,Adelaide Hills,South Australia
-31.78928,115.79676,Woodvale,Joondalup,Western Australia
-34.872,138.54309,Woodville North,Charles Sturt,South Australia
-30.11058,153.20067,Woolgoolga,Coffs Harbour,New South Wales
-26.66054,152.96947,Woombye,Sunshine Coast,Queensland
-37.78062,145.53819,Woori Yallock,Yarra Ranges,Victoria
-27.06931,153.20427,Woorim,Moreton Bay,Queensland
-31.8038,116.31311,Wooroloo,Mundaring,Western Australia
-16.95,145.75,Woree,Cairns,Queensland
-34.03562,151.02734,Woronora Heights,Sutherland Shire,New South Wales
-37.80619,140.84803,Worrolong,Grant,South Australia
-31.76163,116.3799,Wundowie,Northam,Western Australia
-37.8415,144.54101,Wyndham Vale,Wyndham,Victoria
-27.44527,153.15813,Wynnum,Brisbane,Queensland
-27.45824,153.15319,Wynnum West,Brisbane,Queensland
-40.9897,145.72617,Wynyard,Waratah/Wynyard,Tasmania
-33.64592,115.03514,Yallingup,Busselton,Western Australia
-27.66027,152.73863,Yamanto,Ipswich,Queensland
-31.54678,115.63171,Yanchep,Wanneroo,Western Australia
-26.56165,152.95595,Yandina,Sunshine Coast,Queensland
-32.12065,115.81623,Yangebup,City of Cockburn,Western Australia
-37.65794,145.37416,Yarra Glen,Yarra Ranges,Victoria
-37.78192,145.6143,Yarra Junction,Yarra Ranges,Victoria
-26.84167,151.98138,Yarraman,Toowoomba,Queensland
-36.01923,145.99973,Yarrawonga,Moira,Victoria
-34.84036,148.90987,Yass,Yass Valley,New South Wales
-27.71667,153.21667,Yatala,Gold Coast,Queensland
-23.12683,150.74406,Yeppoon,Rockhampton,Queensland
-31.88809,116.7678,York,York,Western Australia
-16.80278,145.72083,Yorkeys Knob,Cairns,Queensland
-34.3135,148.30107,Young,Young,New South Wales
-27.35591,153.04453,Zillmere,Brisbane,Queensland
